<?xml version="1.0" encoding="UTF-8"?>
<indexing>
 <paragraph index="9" node_type="writer">REPORT</paragraph>
 <paragraph index="10" node_type="writer">Riya Aggarwal</paragraph>
 <paragraph index="11" node_type="writer">24n0452</paragraph>
 <paragraph index="14" node_type="writer">Exercise1:</paragraph>
 <paragraph index="15" node_type="writer">a) When lambda=1 and u=10, mean of {x1,x2,x3,x4_ _ _} is 1.199</paragraph>
 <paragraph index="16" node_type="writer">b)   When lambda=1 and u=10, mean of {j1,j2,j3,j4_ _ _} is 1.010</paragraph>
 <paragraph index="17" node_type="writer">d) when lambda=1, mu=0.1, mean of x=4609.565 and y=0.099</paragraph>
</indexing>
